"","well","SangerID","carbon","temperature","color","tmp","Acetate","Lactate","CorrectedOD","CellNperML","Cacid","Tmatches","glucose","glucose_consumption","Cglucose_consumption","Cglucose_consumption_percell","Cacid_percell","acid_glu_ratio","acid_glu_ratio_per_cell"
"1","A2","894","Glu",12,"blue",12,2.253708798,0,0.09808125,2653048772,4.507417596,"Yes",0.174243639,0.533243897973684,52.7600429794516,1.98865710786306e-11,1.6989576835416e-12,0.0854324094799449,0.0854324094799449
"2","A3","898","Gal",12,"blue",12,1.286691764,0,0.07428125,2009270672,2.573383527,"Yes",0.149076257,0.558411279973684,55.2501458405363,2.74976122482996e-11,1.28075503358564e-12,0.0465769544650132,0.0465769544650132
"3","A4","900","Glu",42,"blue",12,0.319674729,0,0.00218125,59001721.88,0.639349459,"No",0.162808978,0.544678558973684,53.8914074603354,9.13387029109791e-10,1.08361152628788e-11,0.0118636623003503,0.0118636623003503
"4","A5","904","Gal",42,"blue",12,0.737073503,0,0.00488125,132035371.9,1.474147006,"No",0.15548265,0.552004886973684,54.6162866040638,4.13648901942948e-10,1.11647885319434e-11,0.026990978289804,0.026990978289804
"5","A6","916","Glu",37,"blue",12,1.408541095,0,0.02248125,608106571.9,2.81708219,"No",0.170350787,0.537136749973684,53.1452082661301,8.73945632590032e-11,4.63254685966994e-12,0.0530072659776432,0.0530072659776432
"6","A7","920","Gal",37,"blue",12,1.491502342,0,0.01538125,416055121.9,2.983004684,"No",0.167254738,0.540232798973684,53.4515365315397,1.28472247348963e-10,7.16973431399547e-12,0.0558076507723935,0.0558076507723935
"7","A8","932","Glu",30,"blue",12,0,0,0.01438125,389005621.9,0,"No",0.162227655,0.545259881973684,53.9489245300693,1.38684177021837e-10,0,0,0
"8","A9","936","Gal",30,"blue",12,0.563373392,0,0.11258125,3045266522,1.126746784,"No",0.162912772,0.544574764973684,53.8811379084065,1.76934063140784e-11,3.69999399349782e-13,0.0209117109945855,0.0209117109945855
"9","A10","945","Glu",22,"blue",12,1.128546887,0,0.08498125,2298700322,2.257093774,"No",0.146082818,0.561404718973684,55.5463217009569,2.41642293122526e-11,9.81899968603215e-13,0.040634441757484,0.040634441757484
"10","A11","947","Gal",22,"blue",12,1.29706192,0,0.10978125,2969527922,2.594123839,"No",0.163648009,0.543839527973684,53.8083923301308,1.81201839967514e-11,8.7358122473987e-13,0.0482103948225077,0.0482103948225077
"11","B2","895","Glu",12,"blue",12,1.512242654,0,0.06238125,1687381622,3.024485308,"Yes",0.143600059,0.563887477973684,55.7919700281959,3.3064227617975e-11,1.79241332758808e-12,0.0542100468306013,0.0542100468306013
"12","B3","899","Gal",12,"blue",12,2.803327059,0,0.10208125,2761246772,5.606654118,"Yes",0.158314281,0.549173255973684,54.3361202977457,1.96781109347896e-11,2.03047919325915e-12,0.103184660356264,0.103184660356264
"13","B4","901","Glu",42,"blue",12,1.724830849,0.154987385,0.03178125,859666921.9,3.914623852,"No",0.152285176,0.555202360973684,54.9326500285806,6.38999228994071e-11,4.55365182988321e-12,0.0712622429459216,0.0712622429459216
"14","B5","905","Gal",42,"blue",12,1.657424836,0,0.04538125,1227540122,3.314849672,"No",0.154703448,0.552784088973684,54.6933821529597,4.45552704736438e-11,2.7004002660208e-12,0.0606078750575241,0.0606078750575241
"15","B6","917","Glu",37,"blue",12,1.17002751,0,0.02128125,575647171.9,2.340055021,"No",0.153889043,0.553598493973684,54.7739607455436,9.51519670716958e-11,4.06508558580482e-12,0.0427220341408374,0.0427220341408374
"16","B7","921","Gal",37,"blue",12,2.352225279,0,0.05718125,1546724222,4.704450558,"No",0.157659948,0.549827588973684,54.4008610989701,3.51716617126658e-11,3.04155743544049e-12,0.0864775016969182,0.0864775016969182
"17","B8","933","Glu",30,"blue",12,0.864107912,0,0.00228125,61706671.88,1.728215824,"No",0.128376341,0.579111195973684,57.2982301448877,9.28558102376914e-10,2.80069524307004e-11,0.0301617662470539,0.0301617662470539
"18","B9","937","Gal",30,"blue",12,0.923736308,0,0.01848125,499908571.9,1.847472617,"No",0.148082759,0.559404777973684,55.3484441940275,1.10717133702399e-10,3.69562100121292e-12,0.0333789439595369,0.0333789439595369
"19","B10","946","Glu",22,"blue",12,0.985957244,0,0.06248125,1690086572,1.971914487,"No",0.150841379,0.556646157973684,55.0755017181416,3.25873849485514e-11,1.16675353775901e-12,0.0358038406457305,0.0358038406457305
"20","B11","948","Gal",22,"blue",12,1.009290094,0,0.06858125,1855088522,2.018580189,"No",0.150753135,0.556734401973684,55.0842327270671,2.9693587165145e-11,1.08813146384181e-12,0.0366453354992112,0.0366453354992112
"21","C9","938","Gal",30,"blue",12,1.252988757,0,0.04508125,1219425272,2.505977514,"No",0.150710907,0.556776629973684,55.0884108360026,4.51757168732867e-11,2.05504803905688e-12,0.0454901035620769,0.0454901035620769
"22","D2","897","Rib",12,"blue",12,3.594051444,0,0.10258125,2774771522,7.188102888,"Yes",0.139218233,0.568269303973684,56.2255152201183,2.02631152778994e-11,2.59052063602662e-12,0.127844144421962,0.127844144421962
"25","E2","892","Fru",12,"blue",12,2.282226727,0,0.06628125,1792874672,4.564453454,"Yes",0.159203433,0.548284103973684,54.2481461119865,3.0257634267024e-11,2.54588540140858e-12,0.0841402661867453,0.0841402661867453
"26","E3","896","Rib",12,"blue",12,2.131859467,0,0.09298125,2515096322,4.263718934,"Yes",0.149737931,0.557749605973684,55.1846787084959,2.19413778413914e-11,1.69525075310416e-12,0.0772627300508969,0.0772627300508969
"27","E4","908","Fru",42,"blue",12,1.590018823,0,0.02928125,792043171.9,3.180037646,"No",0.155616043,0.551871493973684,54.6030884775781,6.89395356399488e-11,4.01498019151095e-12,0.0582391534007427,0.0582391534007427
"28","E5","912","Rib",42,"blue",12,1.460391874,0,0.01958125,529663021.9,2.920783749,"No",0.139481466,0.568006070973684,56.1994705069085,1.06104198675812e-10,5.51441884412207e-12,0.0519717307415015,0.0519717307415014
"29","E6","924","Fru",37,"blue",12,1.87260557,0,0.04838125,1308688622,3.74521114,"No",0.156157506,0.551330030973684,54.5495152228998,4.16825777391834e-11,2.86180461649952e-12,0.0686570930043346,0.0686570930043346
"30","E7","928","Rib",37,"blue",12,1.960751895,0,0.04148125,1122047072,3.92150379,"No",0.16227896,0.545208576973684,53.9438483275748,4.80762792165415e-11,3.49495479098759e-12,0.0726960332193323,0.0726960332193323
"31","E8","940","Fru",30,"blue",12,0.921143769,0,0.02428125,656795671.9,1.842287539,"No",0.142587776,0.564899760973684,55.8921270010001,8.50981962766495e-11,2.80496297070681e-12,0.0329614855946891,0.0329614855946891
"32","E9","943","Rib",30,"blue",12,1.211508134,0,0.03148125,851552071.9,2.423016267,"No",0.152233871,0.555253665973684,54.9377262310751,6.45148171720103e-11,2.84541174516048e-12,0.0441047788692325,0.0441047788692325
"33","E10","949","Fru",22,"blue",12,0.848552678,0,0.10008125,2707147772,1.697105357,"No",0.169043303,0.538444233973684,53.2745729195225,1.9679226036547e-11,6.26897938322075e-13,0.0318558228437359,0.0318558228437359
"34","E11","951","Rib",22,"blue",12,1.252988757,0.196983693,0.08928125,2415013172,3.096928593,"No",0.169329426,0.538158110973684,53.246263431435,2.20480219523353e-11,1.28236509386625e-12,0.0581623647072982,0.0581623647072983
"35","F2","893","Fru",12,"blue",12,4.244778724,0,0.07628125,2063369672,8.489557449,"Yes",0.140850516,0.566637020973684,56.0640144105228,2.71710955003912e-11,4.11441418578726e-12,0.151426142745258,0.151426142745258
"36","F3","897","Rib",12,"blue",12,3.207763138,0,0.11748125,3177809072,6.415526276,"Yes",0.123255172,0.584232364973684,57.8049271695921,1.81901825628598e-11,2.01885202371906e-12,0.110985803289358,0.110985803289358
"37","F4","809","Fru",42,"blue",12,2.043713142,0,0.03398125,919175821.9,4.087426284,"No",0.160772414,0.546715122973684,54.0929085081274,5.88493596321035e-11,4.44683833779593e-12,0.0755630709594007,0.0755630709594007
"38","F5","913","Rib",42,"blue",12,1.356690316,0,0.05618125,1519674722,2.713380632,"No",0.131368596,0.576118940973684,57.0021714314071,3.75094555474267e-11,1.78550093169214e-12,0.047601355595113,0.047601355595113
"39","F6","925","Fru",37,"blue",12,1.037808023,0,0.04618125,1249179722,2.075616046,"No",0.156910345,0.550577191973684,54.4750280733093,4.36086394246714e-11,1.66158320491853e-12,0.03810215651852,0.03810215651852
"40","F7","929","Rib",37,"blue",12,0.138197002,0,0.04178125,1130161922,0.276394003,"No",0.149413685,0.558073851973684,55.2167601499544,4.88573885521108e-11,2.44561418695542e-13,0.00500561790024235,0.00500561790024235
"41","F8","941","Fru",30,"blue",12,0,0,0.02178125,589171921.9,0,"No",0.129377179,0.578110357973684,57.1992055595223,9.70840656748587e-11,0,0,0
"42","F9","944","Rib",30,"blue",12,0.350785197,0,0.10088125,2728787372,0.701570394,"No",0.165222278,0.542265258973684,53.6526315227088,1.96617120385548e-11,2.57099692412385e-13,0.013076159996049,0.013076159996049
"43","F10","950","Fru",22,"blue",12,1.64705468,0,0.12598125,3407729822,3.29410936,"No",0.142955986,0.564531550973684,55.8556956878631,1.63908814974895e-11,9.6665801928707e-13,0.0589753528164502,0.0589753528164502
"44","F11","952","Rib",22,"blue",12,1.265951452,0,0.04098125,1108522322,2.531902904,"No",0.16297931,0.544508226973684,53.8745545274187,4.86003334873925e-11,2.28403420819883e-12,0.0469962661633039,0.0469962661633039
"45","G9","942","Fru",30,"blue",12,0.918551231,0,0.05488125,1484510372,1.837102461,"No",0.145653041,0.561834495973684,55.5888445560289,3.74459118673163e-11,1.23751406231333e-12,0.0330480418449488,0.0330480418449488
"46","G11","953","Rib",22,"blue",12,4.895506005,0,0.05168125,1397951972,9.79101201,"No",0.163178373,0.544309163973684,53.8548589013168,3.85241124015645e-11,7.00382574373592e-12,0.181803688835969,0.181803688835969
"47","A2","894","Glu",12,"blue",22,3.39680347,0,0.063575,1719671963,6.79360694,"No",0.097262639,0.610224897973684,60.3766718504707,3.51094122306573e-11,3.95052491764094e-12,0.112520394579302,0.112520394579302
"48","A3","898","Gal",12,"blue",22,2.881294345,0,0.039175,1059664163,5.76258869,"No",0.098249075,0.609238461973684,60.279072223069,5.688507201415e-11,5.43812737205873e-12,0.0955984967498329,0.0955984967498329
"49","A4","900","Glu",42,"blue",22,0.654469041,0,0.055675,1505980913,1.308938081,"No",0.09134402,0.616143516973684,60.9622699117061,4.04801079385965e-11,8.69159807870686e-13,0.0214712818747691,0.0214712818747691
"50","A5","904","Gal",42,"blue",22,2.50818762,0.021780344,0.049775,1346388863,5.081716271,"No",0.090357583,0.617129953973684,61.0598696380495,4.53508427736078e-11,3.77433029242162e-12,0.0832251411790327,0.0832251411790326
"51","A6","916","Glu",37,"blue",22,2.237685244,0.260634348,0.060475,1635818513,5.257273532,"No",0.109593095,0.597894441973684,59.156675914299,3.61633490782599e-11,3.21384890207561e-12,0.0888703337492504,0.0888703337492504
"52","A7","920","Gal",37,"blue",22,2.378843955,0.263259117,0.061475,1662868013,5.547465262,"No",0.11649815,0.590989386973684,58.4734782256619,3.51642329809263e-11,3.33608273093891e-12,0.0948714772976412,0.0948714772976412
"53","A8","932","Glu",30,"blue",22,2.940991421,0.214700886,0.067475,1825165013,6.526085498,"No",0.098249075,0.609238461973684,60.279072223069,3.30266424097123e-11,3.57561395902125e-12,0.108264531243108,0.108264531243108
"54","A9","936","Gal",30,"blue",22,5.723745746,0.307224002,0.064275,1738606613,12.3691635,"No",0.114525277,0.592962259973684,58.668677579407,3.37446534142494e-11,7.11441185574278e-12,0.210830787574146,0.210830787574146
"55","A10","945","Glu",22,"blue",22,3.117595271,0,0.040675,1100238413,6.235190542,"Yes",0.117977805,0.589509731973684,58.3270786856176,5.30131269699794e-11,5.6671267502819e-12,0.106900442856184,0.106900442856184
"56","A11","947","Gal",22,"blue",22,4.684643516,0,0.028675,775644412.5,9.369287033,"Yes",0.110086313,0.597401223973684,59.1078761005982,7.6204862883091e-11,1.20793586365195e-11,0.158511651087818,0.158511651087818
"57","B2","895","Glu",12,"blue",22,3.922883952,0,0.042275,1143517613,7.845767905,"No",0.099235512,0.608252024973684,60.1814724967256,5.26283738987111e-11,6.86108181964662e-12,0.130368493483221,0.130368493483221
"58","B3","899","Gal",12,"blue",22,3.432870454,0,0.064075,1733196713,6.865740907,"No",0.102688039,0.604799497973684,59.8398737018778,3.45257253565296e-11,3.96131659811197e-12,0.114735217209934,0.114735217209934
"59","B4","901","Glu",42,"blue",22,2.17550079,0.070338575,0.051075,1381553213,4.562017306,"No",0.107127004,0.600360532973684,59.400675081745,4.29955752140436e-11,3.30209308123118e-12,0.0768007653064872,0.0768007653064872
"60","B5","905","Gal",42,"blue",22,2.335936682,0.07165096,0.055975,1514095763,4.886826244,"No",0.100221948,0.607265588973684,60.0838728693238,3.96830070710157e-11,3.2275542693002e-12,0.0813334096260462,0.0813334096260462
"61","B6","917","Glu",37,"blue",22,2.567262851,0.276382963,0.058675,1587129413,5.963674593,"No",0.105154131,0.602333405973684,59.5958744354902,3.7549473878656e-11,3.75752257134939e-12,0.100068581080313,0.100068581080313
"62","B7","921","Gal",37,"blue",22,2.937882198,0.096586268,0.064375,1741311563,6.165523201,"No",0.10811344,0.599374096973684,59.3030754543433,3.40565563994611e-11,3.54073523199823e-12,0.103966331488942,0.103966331488942
"63","B8","933","Glu",30,"blue",22,1.630764971,0,0.046075,1246305713,3.261529943,"No",0.094796547,0.612690989973684,60.6206711168584,4.86402898458497e-11,2.61695819009698e-12,0.0538022737609215,0.0538022737609215
"64","B9","937","Gal",30,"blue",22,3.781725241,0.195015116,0.054975,1487046263,8.148495831,"No",0.106140567,0.601346969973684,59.4982748080884,4.0011044907275e-11,5.47965186675567e-12,0.136953480706507,0.136953480706507
"65","B10","946","Glu",22,"blue",22,2.716505541,0.061151883,0.054675,1478931413,5.616466732,"Yes",0.10811344,0.599374096973684,59.3030754543433,4.00985974961797e-11,3.79765192802758e-12,0.0947078492804989,0.0947078492804989
"66","B11","948","Gal",22,"blue",22,2.63006915,0.102491999,0.056675,1533030413,5.567614297,"Yes",0.115511714,0.591975822973684,58.5710778530636,3.82060769025746e-11,3.6317702830857e-12,0.0950573986527513,0.0950573986527513
"67","C9","938","Gal",30,"blue",22,4.410701218,0,0.029475,797284012.5,8.821402436,"No",0.11649815,0.590989386973684,58.4734782256619,7.33408387837978e-11,1.10643162257063e-11,0.150861599201544,0.150861599201544
"68","D2","897","Rib",12,"blue",22,2.80073452,0.292905924,0.050875,1376143313,6.480186811,"No",0.109099877,0.598387659973684,59.2054757279999,4.30227543662816e-11,4.70894764359473e-12,0.10945249119813,0.10945249119813
"69","D9","939","Gal",30,"blue",22,0,0,0.000175,4733662.5,0,"No",0.121430333,0.586057203973684,57.9854797918282,1.2249601612246e-08,0,0,0
"71","E2","892","Fru",12,"blue",22,3.915421818,0,0.039075,1056959213,7.830843636,"No",0.089864365,0.617623171973684,61.1086694517504,5.78155416974925e-11,7.40884183579182e-12,0.12814619768776,0.12814619768776
"72","E3","896","Rib",12,"blue",22,2.973949182,0,0.031575,854087962.5,5.947898363,"No",0.082959309,0.624528227973684,61.7918672393292,7.23483645155919e-11,6.9640348818287e-12,0.0962569773132587,0.0962569773132587
"73","E4","908","Fru",42,"blue",22,2.95591569,0,0.045575,1232780963,5.91183138,"No",0.09134402,0.616143516973684,60.9622699117061,4.94510150151516e-11,4.7955245558087e-12,0.096975250241868,0.096975250241868
"74","E5","912","Rib",42,"blue",22,5.905946196,0,0.045075,1219256213,11.81189239,"No",0.098742293,0.608745243973684,60.2302724093681,4.93991925299856e-11,9.68778527766256e-12,0.196112219279334,0.196112219279334
"75","E6","924","Fru",37,"blue",22,6.601168394,0.166798846,0.049575,1340978963,13.70273333,"No",0.113045623,0.594441913973684,58.8150770205096,4.38598058905639e-11,1.0218455104877e-11,0.232979943649851,0.232979943649851
"76","E7","928","Rib",37,"blue",22,3.731355834,0,0.044575,1205731463,7.462711667,"No",0.108606658,0.598880878973684,59.2542756406424,4.91438412772367e-11,6.18936462720472e-12,0.125943851077665,0.125943851077665
"77","E8","940","Fru",30,"blue",22,5.515427824,0.196327501,0.055175,1492456163,11.61983815,"No",0.102194821,0.605292715973684,59.8886735155787,4.01275930243713e-11,7.78571487596852e-12,0.194023969273211,0.194023969273211
"78","E9","943","Rib",30,"blue",22,3.937186377,0,0.045475,1230076013,7.874372754,"No",0.100715166,0.606772370973684,60.035073055623,4.88059863139718e-11,6.40153345872943e-12,0.131162874520105,0.131162874520105
"79","E10","949","Fru",22,"blue",22,6.196347597,0.28097631,0.063875,1727786813,13.23562412,"Yes",0.095289766,0.612197770973684,60.5718712042158,3.50574913226959e-11,7.66044978490063e-12,0.218511065563363,0.218511065563363
"80","E11","951","Rib",22,"blue",22,2.391280846,0,0.027175,735070162.5,4.782561692,"Yes",0.107127004,0.600360532973684,59.400675081745,8.08095309973149e-11,6.50626557298195e-12,0.0805135915613486,0.0805135915613486
"81","F2","893","Fru",12,"blue",22,3.085881199,0,0.027275,737775112.5,6.171762398,"No",0.115018496,0.592469040973684,58.6198776667645,7.94549405009436e-11,8.36537082023081e-12,0.105284463967744,0.105284463967744
"82","F3","897","Rib",12,"blue",22,4.494359086,0,0.051675,1397782913,8.988718173,"No",0.114032059,0.593455477973684,58.7174773931079,4.20075798945669e-11,6.43069684813067e-12,0.153084202048078,0.153084202048078
"83","F4","809","Fru",42,"blue",22,3.001932186,0,0.040575,1097533463,6.003864372,"No",0.119950678,0.587536858973684,58.1318793318725,5.29659288683324e-11,5.47032466380481e-12,0.103280066651969,0.103280066651969
"84","F5","913","Rib",42,"blue",22,3.19967875,0,0.048975,1324749263,6.399357501,"No",0.118964242,0.588523294973684,58.2294789592742,4.39550944360663e-11,4.83061789859626e-12,0.109898931183563,0.109898931183563
"85","F6","925","Fru",37,"blue",22,4.465754238,0.205514193,0.053875,1457291813,9.548051054,"No",0.115511714,0.591975822973684,58.5710778530636,4.01917291585468e-11,6.55191428979777e-12,0.163016481922239,0.163016481922239
"86","F7","929","Rib",37,"blue",22,2.634422062,0.044747075,0.049875,1349093813,5.403085349,"No",0.113045623,0.594441913973684,58.8150770205096,4.3595987509365e-11,4.00497378087079e-12,0.0918656511682518,0.0918656511682518
"87","F8","941","Fru",30,"blue",22,2.913630261,0.209451347,0.054675,1478931413,6.455614563,"No",0.114525277,0.592962259973684,58.668677579407,3.96696405686577e-11,4.3650533799298e-12,0.11003511293164,0.11003511293164
"88","F9","944","Rib",30,"blue",22,3.858833965,0.174016962,0.054275,1468111613,8.239718815,"No",0.116004932,0.591482604973684,58.5222780393628,3.98622812606025e-11,5.6124607570964e-12,0.140796276068711,0.140796276068711
"89","F10","950","Fru",22,"blue",22,3.847018918,0,0.027275,737775112.5,7.694037837,"Yes",0.130308261,0.577179275973684,57.107082749446,7.74044580548872e-11,1.04287034173981e-11,0.134730010124263,0.134730010124263
"90","F11","952","Rib",22,"blue",22,2.690388071,0.07165096,0.063275,1711557113,5.595729021,"Yes",0.110579531,0.596908005973684,59.0590762868973,3.45060505654872e-11,3.26937908089544e-12,0.0947479942594607,0.0947479942594607
"91","G9","942","Fru",30,"blue",22,4.615511797,0.710425638,0.060275,1630408613,11.36230051,"No",0.102688039,0.604799497973684,59.8398737018778,3.67023783024372e-11,6.96898950324669e-12,0.189878417300928,0.189878417300928
"92","G11","953","Rib",22,"blue",22,7.210643302,0,0.024775,670151362.5,14.4212866,"Yes",0.097755857,0.609731679973684,60.3278720367698,9.00212629751534e-11,2.15194468100481e-11,0.239048488088727,0.239048488088727
"93","A2","894","Glu",12,"blue",30,5.462296276,0.777296299,0.05186875,1403023753,13.25648145,"No",0.159959509,0.547528027973684,54.1733386882029,3.86118471425501e-11,9.44850821068031e-12,0.244704900436325,0.244704900436325
"94","A3","898","Gal",12,"blue",30,5.715598842,0.2979951,0.06566875,1776306853,12.32518298,"No",0.135040462,0.572447074973684,56.638870869111,3.18857469774739e-11,6.93865643719385e-12,0.21760996981177,0.21760996981177
"95","A4","900","Glu",42,"blue",30,3.781599521,0.046252039,0.05786875,1565320753,7.701955159,"No",0.151516439,0.555971097973684,55.0087101528765,3.51421330404328e-11,4.92036864919787e-12,0.140013374929084,0.140013374929084
"96","A5","904","Gal",42,"blue",30,4.473047066,0.959782536,0.06016875,1627534603,11.82544174,"No",0.13572893,0.571758606973684,56.5707526939045,3.47585560329279e-11,7.26586194739111e-12,0.209038083760095,0.209038083760095
"97","A6","916","Glu",37,"blue",30,4.58258331,0.709138789,0.05146875,1392203953,11.29258299,"No",0.147974328,0.559513208973684,55.3591725384905,3.97636944064118e-11,8.11129932914362e-12,0.203987568313967,0.203987568313967
"98","A7","920","Gal",37,"blue",30,4.675004517,0.653073741,0.05046875,1365154453,11.30923026,"No",0.143911783,0.563575753973684,55.7611275343573,4.08460210577779e-11,8.28421299520165e-12,0.20281566675695,0.20281566675695
"99","A8","932","Glu",30,"blue",30,4.479893081,1.805155522,0.06876875,1860160303,14.37525273,"Yes",0.13846705,0.569020486973684,56.2998385222996,3.02661219205147e-11,7.72796446995246e-12,0.255333818129978,0.255333818129978
"100","A9","936","Gal",30,"blue",30,6.013400507,1.674337075,0.07166875,1938603853,17.04981224,"Yes",0.153627119,0.553860417973684,54.7998759441044,2.82677019646388e-11,8.79489237247482e-12,0.311128664915058,0.311128664915058
"101","A10","945","Glu",22,"blue",30,3.932211857,0.360656037,0.04966875,1343514853,8.946391825,"No",0.139505003,0.567982533973684,56.1971417167689,4.18284484099923e-11,6.65894523236804e-12,0.15919656323607,0.15919656323607
"102","A11","947","Gal",22,"blue",30,7.659867186,0.393635477,0.03396875,918837703.1,16.5006408,"No",0.131301146,0.576186390973684,57.0088450471999,6.20445208711636e-11,1.7958166871396e-11,0.289440012095289,0.289440012095289
"103","B2","895","Glu",12,"blue",30,5.486257329,1.224717373,0.07036875,1903439503,14.64666678,"No",0.144949736,0.562537800973684,55.6584307288265,2.92409770003741e-11,7.69484228782447e-12,0.263152708191865,0.263152708191865
"104","B3","899","Gal",12,"blue",30,4.91803806,0.621193615,0.05526875,1494992053,11.69965697,"No",0.144658012,0.562829524973684,55.6872943892202,3.72492243537165e-11,7.82589910529778e-12,0.210095625911119,0.210095625911119
"105","B4","901","Glu",42,"blue",30,8.204125402,0.711337419,0.04696875,1270481203,18.54226306,"No",0.130294699,0.577192837973684,57.1084245964049,4.49502318189e-11,1.45946772106631e-11,0.324685248998574,0.324685248998574
"106","B5","905","Gal",42,"blue",30,7.892631706,0.565128567,0.06036875,1632944503,17.48064911,"No",0.144960238,0.562527298973684,55.6573916433846,3.40840680997624e-11,1.07049866531808e-11,0.314075967160019,0.314075967160019
"107","B6","917","Glu",37,"blue",30,11.3806765,1.418196756,0.04906875,1327285153,27.01594327,"No",0.141241927,0.566245609973684,56.0252875516481,4.22104379190988e-11,2.03542872523942e-11,0.482209810080757,0.482209810080757
"108","B7","921","Gal",37,"blue",30,8.231509463,1.310463918,0.06686875,1808766253,20.39441068,"No",0.125512179,0.581975357973684,57.5816151227455,3.18347464893495e-11,1.12753157828846e-11,0.35418267856026,0.35418267856026
"109","B8","933","Glu",30,"blue",30,9.25498875,0.463991616,0.06546875,1770896953,19.90195235,"Yes",0.10896794,0.598519596973684,59.2185297954108,3.34398507463075e-11,1.12383458090461e-11,0.336076434500445,0.336076434500445
"110","B9","937","Gal",30,"blue",30,8.693615495,1.040032507,0.06776875,1833110803,20.50732851,"Yes",0.141549053,0.565938483973684,55.9948999916184,3.05463804479136e-11,1.11871734520567e-11,0.366235648479944,0.366235648479944
"111","B10","946","Glu",22,"blue",30,8.717576549,1.185142044,0.06686875,1808766253,20.99057923,"No",0.140214475,0.567273061973684,56.1269453706785,3.10305133554914e-11,1.16049153367304e-11,0.373983994521208,0.373983994521208
"112","B11","948","Gal",22,"blue",30,6.975265656,1.214823541,0.06756875,1827700903,17.59500193,"No",0.144907728,0.562579808973684,55.6625870705941,3.04549759641904e-11,9.62684972203026e-12,0.316101044812831,0.316101044812831
"113","C9","938","Gal",30,"blue",30,8.468601907,0.440906008,0.03646875,986461453.1,18.25992184,"Yes",0.132657079,0.574830457973684,56.874686768729,5.76552551445348e-11,1.85105274844925e-11,0.321055338981484,0.321055338981484
"114","D2","897","Rib",12,"blue",30,7.159369729,0,0.00996875,269649703.1,14.31873946,"No",0.145627702,0.561859834973684,55.5913516390619,2.06161367878257e-10,5.31012617310017e-11,0.257571349460386,0.257571349460386
"115","D9","939","Gal",30,"blue",30,4.994599692,0,0.00026875,7269553.125,9.989199385,"Yes",0.142852825,0.564634711973684,55.8659026097135,7.68491565424986e-09,1.37411464133155e-09,0.17880673037337,0.17880673037337
"117","E2","892","Fru",12,"blue",30,6.609003838,1.342344043,0.05806875,1570730653,17.24503981,"No",0.133329794,0.574157742973684,56.8081272216854,3.61666891221517e-11,1.09789923415979e-11,0.303566420042396,0.303566420042396
"118","E3","896","Rib",12,"blue",30,7.437371689,0.792686705,0.05526875,1494992053,17.25280349,"No",0.131931853,0.575555683973684,56.9464418419239,3.80914679296452e-11,1.1540398128123e-11,0.302965434396965,0.302965434396965
"119","E4","908","Fru",42,"blue",30,7.242260253,0.355159463,0.04816875,1302940603,15.5499989,"No",0.138874296,0.568613240973684,56.2595449220449,4.31789022404461e-11,1.19345416546206e-11,0.276397523683254,0.276397523683254
"120","E5","912","Rib",42,"blue",30,10.07308758,0.211149241,0.04676875,1265071303,20.77962288,"No",0.145643455,0.561844081973684,55.5897930108991,4.3942023567425e-11,1.64256535032634e-11,0.373802846791063,0.373802846791063
"121","E6","924","Fru",37,"blue",30,7.293605367,1.015847584,0.05546875,1500401953,17.63475349,"No",0.157694915,0.549792621973684,54.3974014055168,3.62552190076473e-11,1.1753352796389e-11,0.324183748384193,0.324183748384193
"122","E7","928","Rib",37,"blue",30,4.544930226,0.311186876,0.04036875,1091954503,10.02342108,"No",0.149017533,0.558470003973684,55.2559560912972,5.06028007023084e-11,9.17933948022741e-12,0.181399830697685,0.181399830697685
"123","E8","940","Fru",30,"blue",30,6.834922343,0.806977796,0.07016875,1898029603,16.09077807,"Yes",0.151516439,0.555971097973684,55.0087101528765,2.89820085344983e-11,8.47762229027784e-12,0.292513276993436,0.292513276993436
"124","E9","943","Rib",30,"blue",30,4.98992122,0.573923084,0.06936875,1876390003,11.70161169,"Yes",0.134118031,0.573369505973684,56.7301377347807,3.02336601900883e-11,6.23623642808334e-12,0.206267993649271,0.206267993649271
"125","E10","949","Fru",22,"blue",30,6.612426845,1.453374825,0.07396875,2000817703,17.58497817,"No",0.175322034,0.532165502973684,52.6533447748119,2.63159130868665e-11,8.78889573179671e-12,0.333976469020297,0.333976469020297
"126","E11","951","Rib",22,"blue",30,7.266221306,0.244128681,0.03426875,926952553.1,15.26482866,"No",0.129845095,0.577642441973684,57.1529091680126,6.16567794941354e-11,1.64677562071003e-11,0.26708751806712,0.26708751806712
"127","F2","893","Fru",12,"blue",30,10.85373776,0.999357864,0.01796875,486045703.1,24.7055491,"No",0.138096561,0.569390975973684,56.3364953235076,1.1590781476761e-10,5.08296831808778e-11,0.438535428200325,0.438535428200325
"128","F3","897","Rib",12,"blue",30,10.76299889,0.396933421,0.01826875,494160553.1,22.71679805,"No",0.148161032,0.559326504973684,55.3406997325159,1.11989310731804e-10,4.59704804592182e-11,0.410489895498241,0.410489895498241
"129","F4","809","Fru",42,"blue",30,9.557468273,0.113310235,0.02806875,759245653.1,19.45486725,"No",0.147348872,0.560138664973684,55.4210562010456,7.29948943069499e-11,2.56239428840531e-11,0.351037468131705,0.351037468131705
"130","F5","913","Rib",42,"blue",30,10.20560301,0.278207436,0.06306875,1705978153,21.24582834,"No",0.150200181,0.557287355973684,55.1389429205011,3.23210135039174e-11,1.24537517099142e-11,0.385314393325096,0.385314393325096
"131","F6","925","Fru",37,"blue",30,11.2426186,1.168652324,0.07036875,1903439503,25.99119418,"No",0.191366493,0.516121043973684,51.0658791711008,2.68282123443462e-11,1.36548569781364e-11,0.508973792322544,0.508973792322544
"132","F7","929","Rib",37,"blue",30,7.068630865,0.214447185,0.03516875,951297103.1,14.78060329,"No",0.143932787,0.563554749973684,55.7590493634734,5.86137066766743e-11,1.55373155682219e-11,0.265079901087454,0.265079901087454
"133","F8","941","Fru",30,"blue",30,9.03896048,0.967477738,0.07046875,1906144453,20.98035417,"Yes",0.156695353,0.550792183973684,54.4962997413084,2.85898058017266e-11,1.1006696862339e-11,0.38498676551606,0.38498676551606
"134","F9","944","Rib",30,"blue",30,10.37411805,1.528128223,0.06896875,1865570203,25.33262077,"Yes",0.154745308,0.552742228973684,54.6892404545595,2.93150267765933e-11,1.35790230403889e-11,0.463210323629352,0.463210323629352
"135","F10","950","Fru",22,"blue",30,6.057540669,0.357358093,0.03706875,1002691153,13.18715562,"No",0.14320231,0.564285226973684,55.8313239793893,5.5681476606575e-11,1.3151762215658e-11,0.236196362186721,0.236196362186721
"136","F11","952","Rib",22,"blue",30,4.346464951,0.900419543,0.06586875,1781716753,11.39418853,"No",0.148933516,0.558554020973684,55.2642688737741,3.10174267490732e-11,6.39506167903221e-12,0.206176409499324,0.206176409499324
"137","G9","942","Fru",30,"blue",30,13.70553062,1.852426053,0.06466875,1749257353,32.9683394,"Yes",0.195095306,0.512392230973684,50.6969441773955,2.89819814622757e-11,1.88470492025995e-11,0.650302299969783,0.650302299969783
"138","G11","953","Rib",22,"blue",30,17.98321991,1.138970828,0.05156875,1394908903,39.38335231,"No",0.157570874,0.549916662973684,54.4096742294836,3.90058978851349e-11,2.8233637497975e-11,0.723829959795254,0.723829959795254
"139","A2","894","Glu",12,"blue",37,5.613907458,0,0.0032,86558400,11.22781492,"No",0.165808219,0.541679317973684,53.5946575403324,6.1917338514035e-10,1.29713753026858e-10,0.209495039903008,0.209495039903008
"141","A4","900","Glu",42,"blue",37,11.42714282,8.519708271,0.0676,1828546200,48.41341045,"No",0.147726027,0.559761509973684,55.3837398546504,3.02884006182892e-11,2.64764491321029e-11,0.874144840652809,0.874144840652809
"142","A5","904","Gal",42,"blue",37,13.33847915,2.74877609,0.0658,1779857100,34.92328657,"No",0.003068493,0.704419043973684,69.6963981713108,3.91584235449637e-11,1.96213991392905e-11,0.501077351001124,0.501077351001124
"143","A6","916","Glu",37,"blue",37,9.628043858,2.013652717,0.0648,1752807600,25.29704587,"Yes",0.005808219,0.701679317973684,69.4253250993803,3.96080694192451e-11,1.44323004247585e-11,0.364377780497074,0.364377780497074
"144","A7","920","Gal",37,"blue",37,11.02440874,3.059707633,0.0647,1750102650,31.22794038,"Yes",0.004164384,0.703323152973684,69.5879688831736,3.97622213092321e-11,1.78434907118162e-11,0.448754876470477,0.448754876470477
"145","A8","932","Glu",30,"blue",37,9.977960354,3.153735042,0.0817,2209944150,29.41712583,"No",0.004712329,0.702775207973684,69.5337542885759,3.14640323777304e-11,1.33112530603997e-11,0.423062527415309,0.423062527415309
"146","A9","936","Gal",30,"blue",37,11.00460215,3.992502263,0.0768,2077401600,33.98671108,"No",0.101662198,0.605825338973684,59.9413721258744,2.88540126886753e-11,1.63602026108e-11,0.566999217312365,0.566999217312365
"147","A10","945","Glu",22,"blue",37,7.805837203,1.015679998,0.0551,1490427450,18.6587144,"No",0.132383562,0.575103974973684,56.9017489980962,3.81781407730354e-11,1.25190356632253e-11,0.327911087594588,0.327911087594588
"148","A11","947","Gal",22,"blue",37,9.519107591,1.184501935,0.0493,1333540350,22.59172099,"No",0.184438356,0.523049180973684,51.7513606314167,3.88074951248507e-11,1.6941160415581e-11,0.436543517201464,0.436543517201463
"151","B4","901","Glu",42,"blue",37,10.26845707,2.293597955,0.0546,1476902700,27.417708,"No",0.009643836,0.697843700973684,69.0458227393126,4.67504208227886e-11,1.85643292547302e-11,0.397094377505175,0.397094377505175
"152","B5","905","Gal",42,"blue",37,10.58536257,1.506118411,0.06,1622970000,25.68908038,"No",0.002520548,0.704966988973684,69.7506127659086,4.29771423784226e-11,1.58284382212857e-11,0.368298992099405,0.368298992099405
"153","B6","917","Glu",37,"blue",37,8.310905352,2.679324027,0.0523,1414688850,24.65978279,"Yes",0.008547945,0.698939591973684,69.1542520274498,4.88830119976204e-11,1.74312413574193e-11,0.356590984169876,0.356590984169876
"154","B7","921","Gal",37,"blue",37,9.78979771,3.225324091,0.0738,1996253100,29.25556769,"Yes",0.011287671,0.696199865973684,68.8831789555193,3.45062351840653e-11,1.46552397038231e-11,0.424712798300025,0.424712798300025
"155","B8","933","Glu",30,"blue",37,8.85228559,1.731570492,0.0748,2023302600,22.89928266,"No",0.015671233,0.691816303973684,68.4494620008539,3.38305609852198e-11,1.13177745434618e-11,0.334542916637012,0.334542916637012
"156","B9","937","Gal",30,"blue",37,6.478795399,2.772282942,0.0746,2017892700,21.27443963,"No",-0.000219178,0.707706714973684,70.0216858378391,3.47004009865535e-11,1.05428993474232e-11,0.303826441415146,0.303826441415146
"157","B10","946","Glu",22,"blue",37,8.68392954,2.581022646,0.0697,1885350150,25.11092702,"No",-0.000219178,0.707706714973684,70.0216858378391,3.71398839827388e-11,1.33189726163068e-11,0.358616430317795,0.358616430317795
"158","B11","948","Gal",22,"blue",37,5.118742606,5.297132552,0.071,1920514500,26.12888287,"No",0.003616438,0.703871098973684,69.6421835767131,3.6262253462139e-11,1.36051474071141e-11,0.375187587867893,0.375187587867893
"159","C9","938","Gal",30,"blue",37,13.18702283,2.636237418,0.0573,1549936350,34.2827579,"No",0.126356164,0.581131372973684,57.4981098354967,3.70970781061407e-11,2.21188166210825e-11,0.596241476425638,0.596241476425638
"160","D2","897","Rib",12,"blue",37,4.087211054,0,6e-04,16229700,8.174422108,"No",0.146630137,0.560857399973684,55.4921690438459,3.41917404781641e-09,5.03670561254983e-10,0.147307669691937,0.147307669691937
"161","D9","939","Gal",30,"blue",37,6.848265053,0,5e-04,13524750,13.69653011,"No",0.14060274,0.566884796973684,56.0885297823047,4.14710288783931e-09,1.01270116711954e-09,0.244194849876794,0.244194849876794
"165","E4","908","Fru",42,"blue",37,8.769758115,1.194118375,0.0433,1171243350,21.12187135,"No",0.002520548,0.704966988973684,69.7506127659086,5.95526222333801e-11,1.80337172031756e-11,0.302819867990085,0.302819867990085
"166","E5","912","Rib",42,"blue",37,11.70113404,0.990036159,0.0412,1114439400,26.37237655,"No",0.005260274,0.702227262973684,69.4795396939781,6.23448342673259e-11,2.36642535700012e-11,0.379570398223086,0.379570398223086
"167","E6","924","Fru",37,"blue",37,9.080061422,2.131186977,0.0611,1652724450,24.55368378,"Yes",0.012931507,0.694556029973684,68.7205350727844,4.15801527428147e-11,1.4856489707041e-11,0.357297622231758,0.357297622231758
"168","E7","928","Rib",37,"blue",37,8.310905352,1.320200581,0.0363,981896850,20.58241245,"Yes",0.011287671,0.696199865973684,68.8831789555193,7.01531723576864e-11,2.09618886647818e-11,0.29880172143755,0.29880172143755
"169","E8","940","Fru",30,"blue",37,7.594566866,2.418611668,0.0639,1728463050,22.44496874,"No",0.007452055,0.700035481973684,69.2626812166454,4.00718321497503e-11,1.29855068293187e-11,0.324055730239417,0.324055730239417
"170","E9","943","Rib",30,"blue",37,6.346751439,1.723022546,0.0383,1035995850,17.86257052,"No",0.152657534,0.554830002973684,54.8958083053872,5.29884442156667e-11,1.72419325038802e-11,0.325390427273243,0.325390427273243
"171","E10","949","Fru",22,"blue",37,7.901569074,2.916529534,0.0716,1936744200,24.55272675,"No",0.002520548,0.704966988973684,69.7506127659086,3.60143651215832e-11,1.26773203967772e-11,0.352007326909111,0.352007326909111
"172","E11","951","Rib",22,"blue",37,4.111907406,1.814912968,0.0475,1284851250,13.66855372,"No",0.171835616,0.535651920973684,52.9982968018737,4.12485856256697e-11,1.06382382552066e-11,0.257905528004001,0.257905528004001
"173","F2","893","Fru",12,"blue",37,13.29556486,1.132145765,0.0113,305659350,29.98756702,"No",0.120328767,0.587158769973684,58.0944705739554,1.90062795638201e-10,9.81078021006064e-11,0.516186251870997,0.516186251870997
"174","F3","897","Rib",12,"blue",37,9.037147135,1.65570747,0.0159,430087050,23.04141668,"No",0.125260274,0.582227262973684,57.6065390246922,1.33941580023607e-10,5.35738443647629e-11,0.399979187607914,0.399979187607914
"175","F4","809","Fru",42,"blue",37,16.74191223,0.735734759,0.0281,760090950,35.69102874,"No",0.000328767,0.707158769973684,69.9674712432413,9.20514462686884e-11,4.69562606159171e-11,0.510108884969137,0.510108884969137
"176","F5","913","Rib",42,"blue",37,16.29296277,1.383241684,0.0451,1219932450,36.73565059,"No",-0.001315068,0.708802604973684,70.1301150270346,5.74868838246205e-11,3.01128563224956e-11,0.52382133660894,0.52382133660894
"177","F6","925","Fru",37,"blue",37,23.13944212,2.606666485,0.068,1839366000,54.0988837,"Yes",0.000876712,0.706610824973684,69.9132566486436,3.80094318632853e-11,2.94117014775743e-11,0.773800081605119,0.773800081605119
"178","F7","929","Rib",37,"blue",37,11.92560877,0.84365258,0.0443,1198292850,26.38217528,"Yes",0.003068493,0.704419043973684,69.6963981713108,5.81630760554992e-11,2.20164672433788e-11,0.378529966715837,0.378529966715837
"179","F8","941","Fru",30,"blue",37,12.95555166,2.422885641,0.0639,1728463050,33.17976025,"No",0.004712329,0.702775207973684,69.5337542885759,4.02286611151889e-11,1.91961061880958e-11,0.477174871247407,0.477174871247407
"180","F9","944","Rib",30,"blue",37,11.05411863,3.326830952,0.0645,1744692750,32.08873012,"No",0.004712329,0.702775207973684,69.5337542885759,3.98544410117918e-11,1.83921954854229e-11,0.461484216526362,0.461484216526362
"181","F10","950","Fru",22,"blue",37,11.46675601,0.565844329,0.0502,1357884900,24.631045,"No",0.128547945,0.578939591973684,57.2812513581639,4.21841728692645e-11,1.81392730709355e-11,0.43000186650932,0.43000186650932
"182","F11","952","Rib",22,"blue",37,9.515806492,2.384419883,0.0704,1904284800,26.18487263,"No",0.003616438,0.703871098973684,69.6421835767131,3.65713067586913e-11,1.37505023565803e-11,0.375991551171806,0.375991551171806
"183","G9","942","Fru",30,"blue",37,17.46471212,3.930130792,0.0671,1815021450,46.71981662,"No",0.002520548,0.704966988973684,69.7506127659086,3.84296355097669e-11,2.57406415885608e-11,0.669812275008928,0.669812275008928
"184","G11","953","Rib",22,"blue",37,22.61090197,2.194312918,0.0355,960257250,51.80474269,"No",0.139506849,0.567980687973684,56.1969590704419,5.85228167456605e-11,5.39488170383509e-11,0.921842454590179,0.921842454590179
"185","A2","894","Glu",12,"blue",42,1.902250439,0,0.00045625,12341334.38,3.804500878,"No",0.176997929,0.530489607973684,52.4875289210065,4.25298653329305e-09,3.08273057098709e-10,0.0724839015326052,0.0724839015326052
"186","A3","898","Gal",12,"blue",42,1.366409169,0,0.00045625,12341334.38,2.732818338,"No",0.180873771,0.526613765973684,52.1040466321728,4.22191353283572e-09,2.21436212151315e-10,0.0524492532661093,0.0524492532661093
"187","A4","900","Glu",42,"blue",42,12.74984662,2.162173282,0.07785625,2105972634,31.98621309,"Yes",0.206709997,0.500777539973684,49.5477672272576,2.35272607190287e-11,1.51883327321527e-11,0.645563158139718,0.645563158139718
"188","A5","904","Gal",42,"blue",42,10.91586609,2.797926781,0.04515625,1221453984,30.22551252,"Yes",0,0.707487536973684,70,5.73087491767516e-11,2.47455187963921e-11,0.431793036,0.431793036
"189","A6","916","Glu",37,"blue",42,10.17908434,2.062803407,0.06425625,1738099434,26.5465789,"No",0,0.707487536973684,70,4.02738753782944e-11,1.52733372905523e-11,0.379236841428571,0.379236841428571
"190","A7","920","Gal",37,"blue",42,11.13275422,2.657954162,0.06385625,1727279634,30.23937093,"No",0,0.707487536973684,70,4.05261537403156e-11,1.75069342188516e-11,0.431991013285714,0.431991013285714
"191","A8","932","Glu",30,"blue",42,8.740605693,0.645981324,0.05475625,1481129184,19.41915536,"No",0.165645439,0.541842097973684,53.6107632657403,3.61958726118385e-11,1.31110476856285e-11,0.36222493725266,0.36222493725266
"192","A9","936","Gal",30,"blue",42,8.699141786,2.981707624,0.04785625,1294487634,26.34340644,"No",0.153253012,0.554234524973684,54.8368907162826,4.23618497975413e-11,2.03504504392971e-11,0.480395698879001,0.480395698879001
"193","A10","945","Glu",22,"blue",42,0.712555238,0.034803171,0.00125625,33980934.38,1.529519989,"No",0.149810671,0.557676865973684,55.1774816912569,1.62377764761326e-09,4.50111221750342e-11,0.0277200035615681,0.0277200035615681
"194","A11","947","Gal",22,"blue",42,0.92625384,0,0.00125625,33980934.38,1.85250768,"No",0.159449225,0.548038311973684,54.2238270404823,1.59571324420074e-09,5.45160900899277e-11,0.0341640894991967,0.0341640894991967
"195","B2","895","Glu",12,"blue",42,1.83527028,0,5.63e-05,1521534.375,3.67054056,"No",0.165695965,0.541791571973684,53.6057641388085,3.52313855142501e-08,2.41239410709995e-09,0.0684728707624684,0.0684728707624684
"196","B3","899","Gal",12,"blue",42,1.120815254,0,0.00025625,6931434.375,2.241630507,"No",0.176335716,0.531151820973684,52.5530493826082,7.58184331545492e-09,3.23400667989445e-10,0.0426546229635504,0.0426546229635504
"197","B4","901","Glu",42,"blue",42,10.4693317,2.298940421,0.05185625,1402685634,27.83548465,"Yes",0,0.707487536973684,70,4.99042681433779e-11,1.98444212839211e-11,0.397649780714286,0.397649780714286
"198","B5","905","Gal",42,"blue",42,10.75319999,1.963433533,0.05305625,1435145034,27.39670057,"Yes",0,0.707487536973684,70,4.87755581085054e-11,1.9089848009048e-11,0.391381436714286,0.391381436714286
"199","B6","917","Glu",37,"blue",42,10.38959341,4.283132434,0.05685625,1537933134,33.62858412,"No",0,0.707487536973684,70,4.55156329312819e-11,2.18660898686379e-11,0.480408344571429,0.480408344571429
"200","B7","921","Gal",37,"blue",42,3.873380825,0,0.06255625,1692115284,7.74676165,"No",0.153539835,0.553947701973684,54.8085119690246,3.23905306495799e-11,4.57815240087389e-12,0.14134230928178,0.14134230928178
"201","B8","933","Glu",30,"blue",42,0.55307867,0,0.00055625,15046284.38,1.10615734,"No",0.15561049,0.551877046973684,54.6036379006841,3.62904465459027e-09,7.35169768205591e-11,0.0202579421908104,0.0202579421908104
"202","B9","937","Gal",30,"blue",42,9.471008377,2.687871974,0.05345625,1445964834,27.00563267,"No",0.045851746,0.661635790973684,65.4633515754506,4.52731283888544e-11,1.86765487202713e-11,0.412530553662141,0.412530553662141
"203","B10","946","Glu",22,"blue",42,9.659190728,3.747817303,0.03855625,1042927284,30.56183336,"No",0.216850317,0.490637219973684,48.5444670093678,4.65463582687974e-11,2.93038966655321e-11,0.629563681358421,0.629563681358421
"204","B11","948","Gal",22,"blue",42,10.26839122,2.421817148,0.03815625,1032107484,27.80223388,"No",0.138482803,0.569004733973684,56.2982798941367,5.45469156719502e-11,2.69373435528736e-11,0.493838069871394,0.493838069871394
"205","C9","938","Gal",30,"blue",42,5.526070181,0,0.00065625,17751234.38,11.05214036,"No",0.149393273,0.558094263973684,55.2187797473682,3.11070084284292e-09,6.2261249687809e-10,0.200151839837184,0.200151839837184
"206","D2","897","Rib",12,"blue",42,6.964929307,0,0.00255625,69145284.38,13.92985861,"No",0.152131392,0.555356144973684,54.947865674705,7.94672639897313e-10,2.01457825141712e-10,0.253510458303616,0.253510458303616
"207","D9","939","Gal",30,"blue",42,2.635389233,0,0.00085625,23161134.38,5.270778466,"No",0.164403046,0.543084490973684,53.7336877067446,2.31999378031952e-09,2.27569961795628e-10,0.098090763745188,0.098090763745188
"209","E2","892","Fru",12,"blue",42,1.911819033,0,0.00305625,82670034.38,3.823638066,"No",0.164037807,0.543449729973684,53.7698250641734,6.50414935320042e-10,4.62518020547121e-11,0.071111223840445,0.071111223840445
"210","E3","896","Rib",12,"blue",42,1.079351346,0.279488131,0.00055625,15046284.38,2.997167084,"No",0.159615275,0.547872261973684,54.2073977758062,3.60270990543422e-09,1.99196493187642e-10,0.0552907390315219,0.0552907390315219
"211","E4","908","Fru",42,"blue",42,11.71324893,1.019953971,0.04945625,1337766834,26.48635977,"Yes",0,0.707487536973684,70,5.23260094516591e-11,1.97989358809295e-11,0.378376568142857,0.378376568142857
"212","E5","912","Rib",42,"blue",42,11.9747905,1.194118375,0.04745625,1283667834,27.53193613,"Yes",0,0.707487536973684,70,5.45312409845739e-11,2.1447866341099e-11,0.393313373285714,0.393313373285714
"213","E6","924","Fru",37,"blue",42,2.788940159,0,0.01055625,285541284.4,5.577880319,"No",0.13154036,0.575947176973684,56.9851768140157,1.99568958771608e-10,1.95344092911841e-11,0.0978830045084303,0.0978830045084303
"214","E7","928","Rib",37,"blue",42,11.63032111,1.320200581,0.15155625,4099520784,27.22124397,"No",0,0.707487536973684,70,1.70751665104865e-11,6.64010390586179e-12,0.388874913857143,0.388874913857143
"215","E8","940","Fru",30,"blue",42,9.049990236,0.841515594,0.04985625,1348586634,20.62452725,"No",0,0.707487536973684,70,5.19061944076779e-11,1.52934388714993e-11,0.294636103571429,0.294636103571429
"216","E9","943","Rib",30,"blue",42,0.543510076,0,0.00055625,15046284.38,1.087020152,"No",0.145977187,0.561510349973684,55.5567730087377,3.69239153040238e-09,7.22450888569474e-11,0.0195659339650458,0.0195659339650458
"217","E10","949","Fru",22,"blue",42,7.550910493,0.879981352,0.03645625,986123334.4,17.74176504,"No",0.146983634,0.560503902973684,55.4571934595327,5.62375836013203e-11,1.7991426042864e-11,0.31991819154978,0.31991819154978
"218","E11","951","Rib",22,"blue",42,0.651954142,0,0.00055625,15046284.38,1.303908285,"No",0.159292045,0.548195491973684,54.2393786925256,3.60483540804415e-09,8.66598192662898e-11,0.0240398823959922,0.0240398823959922
"219","F2","893","Fru",12,"blue",42,3.107893296,0,0.00055625,15046284.38,6.215786593,"No",0.168804574,0.538682962973684,53.2981931659956,3.54228272043304e-09,4.13111066893181e-10,0.116622838857616,0.116622838857616
"220","F3","897","Rib",12,"blue",42,4.007341142,0,0.00045625,12341334.38,8.014682284,"No",0.154795998,0.552691538973684,54.6842251011935,4.43098156304825e-09,6.49417805013723e-10,0.146562967092773,0.146562967092773
"221","F4","809","Fru",42,"blue",42,14.32866465,1.46978964,0.05145625,1391865834,33.06669822,"Yes",0,0.707487536973684,70,5.02922036665209e-11,2.37571017351375e-11,0.472381403142857,0.472381403142857
"222","F5","913","Rib",42,"blue",42,12.00668581,2.14187191,0.04175625,1129485684,30.43898736,"Yes",0,0.707487536973684,70,6.19751104344232e-11,2.69494229021144e-11,0.434842676571429,0.434842676571429
"223","F6","925","Fru",37,"blue",42,7.225578293,0,0.00045625,12341334.38,14.45115659,"No",0.169211821,0.538275715973684,53.2578994667993,4.3154085147476e-09,1.17095576094422e-09,0.271342969487724,0.271342969487724
"224","F7","929","Rib",37,"blue",42,14.49452028,2.016858197,0.05475625,1481129184,35.03961515,"No",0,0.707487536973684,70,4.72612387603862e-11,2.36573659668028e-11,0.500565930714286,0.500565930714286
"225","F8","941","Fru",30,"blue",42,7.273421264,0,0.02795625,756202584.4,14.54684253,"No",0.156438403,0.551049133973684,54.5217228039915,7.20993605797461e-11,1.92367003632261e-11,0.266808196474214,0.266808196474214
"226","F9","944","Rib",30,"blue",42,14.64123873,3.761707715,0.03045625,823826334.4,40.5676006,"No",0.150764958,0.556722578973684,55.0830629396761,6.68624692360601e-11,4.92429033960728e-11,0.736480479388507,0.736480479388507
"227","F10","950","Fru",22,"blue",42,3.270559396,0,0.00165625,44800734.38,6.541118792,"No",0.168502348,0.538985188973684,53.3280959118313,1.19033977120781e-09,1.46004722523479e-10,0.12265802257059,0.12265802257059
"228","F11","952","Rib",22,"blue",42,2.81445641,0,0.00245625,66440334.38,5.628912821,"No",0.172288923,0.535198613973684,52.9534458492537,7.97007515741731e-10,8.47213198658197e-11,0.106299273460394,0.106299273460394
"229","G9","942","Fru",30,"blue",42,14.85921046,2.029415716,0.04165625,1126780734,35.80666807,"No",0.152094635,0.555392901973684,54.9515024737517,4.87685854182804e-11,3.17778490433437e-11,0.651604896282928,0.651604896282928
"230","G11","953","Rib",22,"blue",42,4.268688782,0,0.00045625,12341334.38,8.537377564,"No",0.162702879,0.544784657973684,53.9019050728188,4.36759133276306e-09,6.9177102743731e-10,0.158387306579729,0.158387306579729
